{
  "details": {
    "ES": {
      "add_damped=False": {
        "MAE": 1056.3974230008462,
        "n": 7
      },
      "add_damped=True": {
        "MAE": 1048.6537691374335,
        "n": 7
      }
    },
    "AR": {
      "lags=3": {
        "MAE": 1089.3066191120452,
        "n": 7
      },
      "lags=5": {
        "MAE": 1403.1048729808722,
        "n": 7
      },
      "lags=7": {
        "MAE": 2434.5810904672026,
        "n": 7
      },
      "lags=10": {
        "MAE": NaN,
        "n": 0
      }
    },
    "ARIMA": {
      "(0,1,0)": {
        "MAE": 863.528571428571,
        "n": 7
      },
      "(0,1,1)": {
        "MAE": 840.0968741881786,
        "n": 7
      },
      "(0,1,2)": {
        "MAE": 819.5738088270924,
        "n": 7
      },
      "(1,1,0)": {
        "MAE": 843.8147836117735,
        "n": 7
      },
      "(1,1,1)": {
        "MAE": 833.9727777789064,
        "n": 7
      },
      "(1,1,2)": {
        "MAE": 807.6147881299797,
        "n": 7
      },
      "(2,1,0)": {
        "MAE": 820.6032472685308,
        "n": 7
      },
      "(2,1,1)": {
        "MAE": 815.3168503103869,
        "n": 7
      },
      "(2,1,2)": {
        "MAE": 881.2972910353066,
        "n": 7
      }
    }
  },
  "best": {
    "ES": {
      "config": "add_damped=True",
      "MAE": 1048.6537691374335
    },
    "AR": {
      "config": "lags=3",
      "MAE": 1089.3066191120452
    },
    "ARIMA": {
      "config": "(1,1,2)",
      "MAE": 807.6147881299797
    }
  }
}