{
  "details": {
    "ES": {
      "add_damped=False": {
        "MAE": 1563.1648938211522,
        "n": 7
      },
      "add_damped=True": {
        "MAE": 1489.237390717342,
        "n": 7
      }
    },
    "AR": {
      "lags=3": {
        "MAE": 1219.111643392387,
        "n": 7
      },
      "lags=5": {
        "MAE": 1137.9325855623154,
        "n": 7
      },
      "lags=7": {
        "MAE": 1969.8837520901184,
        "n": 7
      },
      "lags=10": {
        "MAE": NaN,
        "n": 0
      }
    },
    "ARIMA": {
      "(0,1,0)": {
        "MAE": 1202.6671428571426,
        "n": 7
      },
      "(0,1,1)": {
        "MAE": 1194.2331320712776,
        "n": 7
      },
      "(0,1,2)": {
        "MAE": 1202.674160700967,
        "n": 7
      },
      "(1,1,0)": {
        "MAE": 1193.495808856225,
        "n": 7
      },
      "(1,1,1)": {
        "MAE": 1194.2860953603147,
        "n": 7
      },
      "(1,1,2)": {
        "MAE": 1246.717871935429,
        "n": 7
      },
      "(2,1,0)": {
        "MAE": 1201.8323344500532,
        "n": 7
      },
      "(2,1,1)": {
        "MAE": 1197.5802531332426,
        "n": 7
      },
      "(2,1,2)": {
        "MAE": 1393.7205487046926,
        "n": 7
      }
    }
  },
  "best": {
    "ES": {
      "config": "add_damped=True",
      "MAE": 1489.237390717342
    },
    "AR": {
      "config": "lags=5",
      "MAE": 1137.9325855623154
    },
    "ARIMA": {
      "config": "(1,1,0)",
      "MAE": 1193.495808856225
    }
  }
}